model,font,size,detail,answer,cost,baseline_cost,baseline_answer
gpt-4.1,arial,6,low,"Based on the clues in the text, the true identity of the village blacksmith, Mr. Graeme, was that he was the long-lost heir to the Ravenshade estate. The text hints at his mysterious past, his exceptional education that seems unusual for a simple blacksmith, and his uncanny resemblance to the portraits in the manor. Additionally, his ring bears the family crest of the Ravenshades, and the revelation at the end confirms that Mr. Graeme is indeed Lord Alistair Ravenshade, who disappeared years before and was presumed dead.",0.001098,0.006738,"Based on the clues embedded in the text, the true identity of the village blacksmith, Mr. Graeme, is strongly implied to be the pirate captain known only as 'Oro,' commander of the ship ""The Sea Serpent."" The supporting evidence is as follows:
- Mr. Graeme is described as a castaway who appeared in Port Sgail after being washed ashore from a storm, matching the fate of 'Oro,' whose ship vanished in a storm and whose body was never found.
- Mr. Graeme has a serpent tattoo in the shape of an Ouroboros on his forearm, paralleling the name of the pirate captain ('Oro') and the flag of the ""Sea Serpent,"" which bore a white serpent.
- His imposing, mysterious demeanor and the villagers' unease suggest a dramatic, secretive past, which fits the life of a feared pirate.
Thus, the text suggests that Mr. Graeme, the blacksmith, is actually the infamous pirate captain Oro in hiding."
gpt-4.1,arial,6,high,"Based on the clues in the text, the true identity of the village blacksmith, Mr. Graeme, is that he is ""undoubtedly the blacksmith, a man who calls himself Mr. Graeme"" and, significantly, this is a persona adopted by Alistair MacLeod. It is mentioned that ""He is a man of immense physical presence...He keeps to himself, his forge glowing at all hours, the rhythmic ring of his hammer a constant, lonely sound. Wise, they say he arrived years ago...He speaks little of his past, but there is a red mark on him that tells a story he will not—a peculiar tattoo on his right forearm...the Ouroboros...a symbol of eternity and cycles."" The journals themselves, written in the third person and describing the blacksmith, later become more personal and switch to first person. This, paired with the note that Alistair had abandoned historical research and returned to the sea himself, strongly implies that he adopted the new identity of Mr. Graeme after his scholarly work ended, becoming the enigmatic blacksmith of Port Sgail.",0.009465999999999999,0.006738,"Based on the clues embedded in the text, the true identity of the village blacksmith, Mr. Graeme, is strongly implied to be the pirate captain known only as 'Oro,' commander of the ship ""The Sea Serpent."" The supporting evidence is as follows:
- Mr. Graeme is described as a castaway who appeared in Port Sgail after being washed ashore from a storm, matching the fate of 'Oro,' whose ship vanished in a storm and whose body was never found.
- Mr. Graeme has a serpent tattoo in the shape of an Ouroboros on his forearm, paralleling the name of the pirate captain ('Oro') and the flag of the ""Sea Serpent,"" which bore a white serpent.
- His imposing, mysterious demeanor and the villagers' unease suggest a dramatic, secretive past, which fits the life of a feared pirate.
Thus, the text suggests that Mr. Graeme, the blacksmith, is actually the infamous pirate captain Oro in hiding."
gpt-4.1,arial,8,low,"Based on the embedded clues in the text, the true identity of the village blacksmith, Mr. Graeme, was ""the notorious highwayman known as Black Jack Delaney."" The narrative reveals this after a series of suspicious events and behaviors, such as Mr. Graeme's vague stories about his past, his unusual coin, and his secretive late-night excursions. The final discovery occurs when the protagonist follows him one night and overhears an incriminating conversation. The blacksmith's dual identity was confirmed by the distinctive scar on his hand, matching the description of the infamous criminal. Ultimately, Mr. Graeme was leading a double life, respected craftsman by day and outlaw by night.",0.00129,0.006738,"Based on the clues embedded in the text, the true identity of the village blacksmith, Mr. Graeme, is strongly implied to be the pirate captain known only as 'Oro,' commander of the ship ""The Sea Serpent."" The supporting evidence is as follows:
- Mr. Graeme is described as a castaway who appeared in Port Sgail after being washed ashore from a storm, matching the fate of 'Oro,' whose ship vanished in a storm and whose body was never found.
- Mr. Graeme has a serpent tattoo in the shape of an Ouroboros on his forearm, paralleling the name of the pirate captain ('Oro') and the flag of the ""Sea Serpent,"" which bore a white serpent.
- His imposing, mysterious demeanor and the villagers' unease suggest a dramatic, secretive past, which fits the life of a feared pirate.
Thus, the text suggests that Mr. Graeme, the blacksmith, is actually the infamous pirate captain Oro in hiding."
gpt-4.1,arial,8,high,"Based on the clues in the text, the true identity of the village blacksmith, Mr. Graeme, is the pirate captain Calico Jack. The text reveals that Alistair's journal describes a tattoo of an Ouroboros on the blacksmith's forearm, which matches ""the image of the tattooed blacksmith soon faded, absorbed into the vast sea of Alistair’s observations. She made a mental note to see if the old forge was still standing next time she drove through the village."" Later, a story of a pirate captain notorious for his Ouro tattoo is described, linking the blacksmith directly to this pirate legend. Therefore, Mr. Graeme, the blacksmith, is actually the legendary pirate captain Calico Jack.",0.006138,0.006738,"Based on the clues embedded in the text, the true identity of the village blacksmith, Mr. Graeme, is strongly implied to be the pirate captain known only as 'Oro,' commander of the ship ""The Sea Serpent."" The supporting evidence is as follows:
- Mr. Graeme is described as a castaway who appeared in Port Sgail after being washed ashore from a storm, matching the fate of 'Oro,' whose ship vanished in a storm and whose body was never found.
- Mr. Graeme has a serpent tattoo in the shape of an Ouroboros on his forearm, paralleling the name of the pirate captain ('Oro') and the flag of the ""Sea Serpent,"" which bore a white serpent.
- His imposing, mysterious demeanor and the villagers' unease suggest a dramatic, secretive past, which fits the life of a feared pirate.
Thus, the text suggests that Mr. Graeme, the blacksmith, is actually the infamous pirate captain Oro in hiding."
gpt-4.1,arial,12,low,"Based on the clues in the text, the true identity of the village blacksmith, Mr. Graeme, was actually the Scholar—the very one who had hidden away the Great Book many centuries prior. The text states, “the Scholar had not died after all; he had lived on... and had become, over centuries, an unremarkable figure: the village blacksmith, Mr. Graeme.” This reveals that Mr. Graeme was the immortal guardian of the book, living in plain sight within the village.",0.0010019999999999999,0.006738,"Based on the clues embedded in the text, the true identity of the village blacksmith, Mr. Graeme, is strongly implied to be the pirate captain known only as 'Oro,' commander of the ship ""The Sea Serpent."" The supporting evidence is as follows:
- Mr. Graeme is described as a castaway who appeared in Port Sgail after being washed ashore from a storm, matching the fate of 'Oro,' whose ship vanished in a storm and whose body was never found.
- Mr. Graeme has a serpent tattoo in the shape of an Ouroboros on his forearm, paralleling the name of the pirate captain ('Oro') and the flag of the ""Sea Serpent,"" which bore a white serpent.
- His imposing, mysterious demeanor and the villagers' unease suggest a dramatic, secretive past, which fits the life of a feared pirate.
Thus, the text suggests that Mr. Graeme, the blacksmith, is actually the infamous pirate captain Oro in hiding."
gpt-4.1,arial,12,high,"The true identity of the village blacksmith, Mr. Graeme, is subtly revealed through the clues in the text: Mr. Graeme was not merely a blacksmith but, in fact, the infamous pirate captain known as 'Oro.' The text refers to Mr. Graeme as having a ""mark on his forearm"" that aligns with the description in Alistair's journal about the pirate captain 'Oro'—noting ""an odd mark on his forearm""—and hints that the blacksmith was a ""man of immense physical presence, with arms as thick as mooring ropes,"" and a ""castaway from a storm, literally washed ashore with nothing but the clothes on his back."" The Ouroboros tattoo, referenced as a serpentine or cyclic symbol, is linked to the pirate's identity. This symbolism, combined with the description of Mr. Graeme's mysterious arrival, solitary habits, and the tie to maritime lore, strongly suggests that the blacksmith was, in fact, the pirate captain who disappeared after a shipwreck, assumed a new identity, and lived out his days in obscurity as Mr. Graeme in the village of Port Sgail.",0.004834,0.006738,"Based on the clues embedded in the text, the true identity of the village blacksmith, Mr. Graeme, is strongly implied to be the pirate captain known only as 'Oro,' commander of the ship ""The Sea Serpent."" The supporting evidence is as follows:
- Mr. Graeme is described as a castaway who appeared in Port Sgail after being washed ashore from a storm, matching the fate of 'Oro,' whose ship vanished in a storm and whose body was never found.
- Mr. Graeme has a serpent tattoo in the shape of an Ouroboros on his forearm, paralleling the name of the pirate captain ('Oro') and the flag of the ""Sea Serpent,"" which bore a white serpent.
- His imposing, mysterious demeanor and the villagers' unease suggest a dramatic, secretive past, which fits the life of a feared pirate.
Thus, the text suggests that Mr. Graeme, the blacksmith, is actually the infamous pirate captain Oro in hiding."
gpt-4.1,comic sans ms,6,low,"The text from the image suggests that the true identity of the village blacksmith, Mr. Graeme, was that of Lord Alvington, a nobleman in disguise. The clues mention his refined manners, knowledge of affairs far beyond a simple blacksmith’s life, and the flash of a signet ring while working—details hinting at his aristocratic background and hidden identity.",0.000786,0.006738,"Based on the clues embedded in the text, the true identity of the village blacksmith, Mr. Graeme, is strongly implied to be the pirate captain known only as 'Oro,' commander of the ship ""The Sea Serpent."" The supporting evidence is as follows:
- Mr. Graeme is described as a castaway who appeared in Port Sgail after being washed ashore from a storm, matching the fate of 'Oro,' whose ship vanished in a storm and whose body was never found.
- Mr. Graeme has a serpent tattoo in the shape of an Ouroboros on his forearm, paralleling the name of the pirate captain ('Oro') and the flag of the ""Sea Serpent,"" which bore a white serpent.
- His imposing, mysterious demeanor and the villagers' unease suggest a dramatic, secretive past, which fits the life of a feared pirate.
Thus, the text suggests that Mr. Graeme, the blacksmith, is actually the infamous pirate captain Oro in hiding."
gpt-4.1,comic sans ms,6,high,"Based on clues embedded in the text, the true identity of the village blacksmith, Mr. Graeme, is likely to be the lost sea captain Alistair, whose disappearance at sea was documented in the journals. The text describes Mr. Graeme as a man who appeared with nothing but the clothes on his back, with little memory of his past except for a peculiar tattoo on his right forearm—a serpent, coiled and poised to strike—a tattoo noted as not typical for a blacksmith but rather suggestive of a seafaring past. Elara's reading of Alistair's journals, which end abruptly, combined with the arrival of Mr. Graeme under mysterious circumstances, supports the inference that Mr. Graeme is actually Alistair, returned under a new name and identity after his disappearance.",0.007586,0.006738,"Based on the clues embedded in the text, the true identity of the village blacksmith, Mr. Graeme, is strongly implied to be the pirate captain known only as 'Oro,' commander of the ship ""The Sea Serpent."" The supporting evidence is as follows:
- Mr. Graeme is described as a castaway who appeared in Port Sgail after being washed ashore from a storm, matching the fate of 'Oro,' whose ship vanished in a storm and whose body was never found.
- Mr. Graeme has a serpent tattoo in the shape of an Ouroboros on his forearm, paralleling the name of the pirate captain ('Oro') and the flag of the ""Sea Serpent,"" which bore a white serpent.
- His imposing, mysterious demeanor and the villagers' unease suggest a dramatic, secretive past, which fits the life of a feared pirate.
Thus, the text suggests that Mr. Graeme, the blacksmith, is actually the infamous pirate captain Oro in hiding."
gpt-4.1,comic sans ms,8,low,"Based on the clues within the text, the true identity of the village blacksmith, Mr. Graeme, was Admiral Sir Charles Weatherington. The narrative reveals this through references to his old naval skills; his familiarity with ropework and knots uncommon to blacksmiths but second nature to sailors; scars described as ""old wounds from boarding actions off Tripoli""; and the respect he quietly commanded from local veterans. The final confirmation comes when the protagonist uncovers the Admiral’s medals and commission papers hidden in the smithy, verifying his former distinguished naval career that he had sought to leave behind by living a quiet life under an assumed name.",0.001186,0.006738,"Based on the clues embedded in the text, the true identity of the village blacksmith, Mr. Graeme, is strongly implied to be the pirate captain known only as 'Oro,' commander of the ship ""The Sea Serpent."" The supporting evidence is as follows:
- Mr. Graeme is described as a castaway who appeared in Port Sgail after being washed ashore from a storm, matching the fate of 'Oro,' whose ship vanished in a storm and whose body was never found.
- Mr. Graeme has a serpent tattoo in the shape of an Ouroboros on his forearm, paralleling the name of the pirate captain ('Oro') and the flag of the ""Sea Serpent,"" which bore a white serpent.
- His imposing, mysterious demeanor and the villagers' unease suggest a dramatic, secretive past, which fits the life of a feared pirate.
Thus, the text suggests that Mr. Graeme, the blacksmith, is actually the infamous pirate captain Oro in hiding."
gpt-4.1,comic sans ms,8,high,"Based on the clues in the text, the true identity of the village blacksmith, Mr. Graeme, is that he was more than he appeared—he was not simply a local tradesman, but in fact the legendary pirate captain known only as ""Oro."" The text provides several embedded clues: Mr. Graeme is described as ""a man of immense physical presence"" with a mysterious ""mark""—a tattoo that is actually an Ouroboros, a symbol associated with eternity and cycles, but also hints at secret or esoteric knowledge. He arrived in the village ""years ago, a castaway from a storm,"" and speaks little of his past, keeping ""the rhythm of ring of his hammer a constant, lonely sound."" Crucially, the journals discuss the ""pirate captain Henry Giles, transported to Australia,"" and the infamous ship ""The Sea Serpent,"" captained by ""Oro,"" who vanished with his ship and was reputed to have survived as a castaway. Allistair's research and the solicitor's revelation confirm that ""Oro"" was said to command with an iron fist, and his name had become a local legend—lost to history until the clues reveal that the mysterious Mr. Graeme, with his emblematic tattoo and secretive past, is in fact the former pirate captain himself, living quietly under a new identity as the village blacksmith.",0.006482,0.006738,"Based on the clues embedded in the text, the true identity of the village blacksmith, Mr. Graeme, is strongly implied to be the pirate captain known only as 'Oro,' commander of the ship ""The Sea Serpent."" The supporting evidence is as follows:
- Mr. Graeme is described as a castaway who appeared in Port Sgail after being washed ashore from a storm, matching the fate of 'Oro,' whose ship vanished in a storm and whose body was never found.
- Mr. Graeme has a serpent tattoo in the shape of an Ouroboros on his forearm, paralleling the name of the pirate captain ('Oro') and the flag of the ""Sea Serpent,"" which bore a white serpent.
- His imposing, mysterious demeanor and the villagers' unease suggest a dramatic, secretive past, which fits the life of a feared pirate.
Thus, the text suggests that Mr. Graeme, the blacksmith, is actually the infamous pirate captain Oro in hiding."
gpt-4.1,comic sans ms,12,low,"Based on the clues in the text, the true identity of the village blacksmith, Mr. Graeme, was Major Raken. The passage reveals that ""Mr. Graeme…was no blacksmith at all but the gallant Major Raken, the famous leader of the daring raid upon the French convoy at Dunkirk, reported dead and buried after Waterloo!"" This is corroborated by the details about his missing arm (hidden by the blacksmith’s apron), his knowledge of horses, and his secretive nature.",0.0010019999999999999,0.006738,"Based on the clues embedded in the text, the true identity of the village blacksmith, Mr. Graeme, is strongly implied to be the pirate captain known only as 'Oro,' commander of the ship ""The Sea Serpent."" The supporting evidence is as follows:
- Mr. Graeme is described as a castaway who appeared in Port Sgail after being washed ashore from a storm, matching the fate of 'Oro,' whose ship vanished in a storm and whose body was never found.
- Mr. Graeme has a serpent tattoo in the shape of an Ouroboros on his forearm, paralleling the name of the pirate captain ('Oro') and the flag of the ""Sea Serpent,"" which bore a white serpent.
- His imposing, mysterious demeanor and the villagers' unease suggest a dramatic, secretive past, which fits the life of a feared pirate.
Thus, the text suggests that Mr. Graeme, the blacksmith, is actually the infamous pirate captain Oro in hiding."
gpt-4.1,comic sans ms,12,high,"The true identity of the village blacksmith, Mr. Graeme, is implied through clues embedded in the text. The key clue is the peculiar tattoo on his right forearm, described as an ouroboros (a serpent devouring its own tail), which is an unusual and ancient symbol for a blacksmith. The villagers say he 'arrived years ago, a castaway from a storm, literally washed ashore with nothing but the clothes on his back.' Later, the text discusses the pirate ship captained by ""Oro,"" whose name matches the ouroboros tattoo and who was the sole crewman found after his ship vanished. Naval reports speculated he went down with his ship and was never recovered—only the manifest listed ""Oro"" as the sole crewman. Putting these clues together, Mr. Graeme is in fact ""Oro,"" the pirate captain, who survived and assumed a new identity as the blacksmith in Port Sgail.",0.00445,0.006738,"Based on the clues embedded in the text, the true identity of the village blacksmith, Mr. Graeme, is strongly implied to be the pirate captain known only as 'Oro,' commander of the ship ""The Sea Serpent."" The supporting evidence is as follows:
- Mr. Graeme is described as a castaway who appeared in Port Sgail after being washed ashore from a storm, matching the fate of 'Oro,' whose ship vanished in a storm and whose body was never found.
- Mr. Graeme has a serpent tattoo in the shape of an Ouroboros on his forearm, paralleling the name of the pirate captain ('Oro') and the flag of the ""Sea Serpent,"" which bore a white serpent.
- His imposing, mysterious demeanor and the villagers' unease suggest a dramatic, secretive past, which fits the life of a feared pirate.
Thus, the text suggests that Mr. Graeme, the blacksmith, is actually the infamous pirate captain Oro in hiding."
gpt-4.1,impact,6,low,"After examining the text for embedded clues, it is revealed that the true identity of the village blacksmith, Mr. Graeme, was not simply that of a skilled tradesman. The text subtly suggests with references to his remarkable knowledge of rare alloys, his unusual schedule aligning perfectly with mysterious happenings, his habit of receiving odd parcels from distant lands, and the mentions of coded messages overheard in his workshop, that Mr. Graeme was, in fact, an undercover agent or spy operating under the guise of a blacksmith. This explains his secretive conversations, his adept handling of both metal and information, and why the villagers found his past so difficult to trace.",0.001242,0.006738,"Based on the clues embedded in the text, the true identity of the village blacksmith, Mr. Graeme, is strongly implied to be the pirate captain known only as 'Oro,' commander of the ship ""The Sea Serpent."" The supporting evidence is as follows:
- Mr. Graeme is described as a castaway who appeared in Port Sgail after being washed ashore from a storm, matching the fate of 'Oro,' whose ship vanished in a storm and whose body was never found.
- Mr. Graeme has a serpent tattoo in the shape of an Ouroboros on his forearm, paralleling the name of the pirate captain ('Oro') and the flag of the ""Sea Serpent,"" which bore a white serpent.
- His imposing, mysterious demeanor and the villagers' unease suggest a dramatic, secretive past, which fits the life of a feared pirate.
Thus, the text suggests that Mr. Graeme, the blacksmith, is actually the infamous pirate captain Oro in hiding."
gpt-4.1,impact,6,high,"Based on the clues in the text, the true identity of the village blacksmith, Mr. Graeme, was not just an ordinary smith, but “an ancient symbol overwritten with centuries of observations,” and a ""man who calls himself Mr. Graeme. He is a man of immense physical presence, with arms as thick as tree limbs and no need for effort to hide. His is a serpent, coiled into a perfect circle, devouring its own tail."" The ""serpent, coiled into a perfect circle, devouring its own tail,"" is a direct allusion to the ouroboros, an ancient symbol of infinity, eternal return, and cyclical renewal. This metaphor indicates that Mr. Graeme is meant to be understood as a symbolically immortal or eternal being, perhaps a supernatural caretaker or ageless figure tied to the lore of the village—a living embodiment of mysteries, rather than a mortal man.",0.009834,0.006738,"Based on the clues embedded in the text, the true identity of the village blacksmith, Mr. Graeme, is strongly implied to be the pirate captain known only as 'Oro,' commander of the ship ""The Sea Serpent."" The supporting evidence is as follows:
- Mr. Graeme is described as a castaway who appeared in Port Sgail after being washed ashore from a storm, matching the fate of 'Oro,' whose ship vanished in a storm and whose body was never found.
- Mr. Graeme has a serpent tattoo in the shape of an Ouroboros on his forearm, paralleling the name of the pirate captain ('Oro') and the flag of the ""Sea Serpent,"" which bore a white serpent.
- His imposing, mysterious demeanor and the villagers' unease suggest a dramatic, secretive past, which fits the life of a feared pirate.
Thus, the text suggests that Mr. Graeme, the blacksmith, is actually the infamous pirate captain Oro in hiding."
gpt-4.1,impact,8,low,"Mr. Graeme’s true identity, revealed through clues in the text, is that he was the long-missing heir to the Ashworth estate. Several hints, such as his refined manners, unexpected knowledge of classical literature, and the unexplained signet ring he always wore, point toward his noble origins. The decisive clue is found when the visiting lawyer recognizes the family crest etched onto Mr. Graeme’s ring, thereby confirming that Mr. Graeme the blacksmith is, in fact, Lord John Ashworth, presumed dead but living quietly in the village under an assumed name.",0.001114,0.006738,"Based on the clues embedded in the text, the true identity of the village blacksmith, Mr. Graeme, is strongly implied to be the pirate captain known only as 'Oro,' commander of the ship ""The Sea Serpent."" The supporting evidence is as follows:
- Mr. Graeme is described as a castaway who appeared in Port Sgail after being washed ashore from a storm, matching the fate of 'Oro,' whose ship vanished in a storm and whose body was never found.
- Mr. Graeme has a serpent tattoo in the shape of an Ouroboros on his forearm, paralleling the name of the pirate captain ('Oro') and the flag of the ""Sea Serpent,"" which bore a white serpent.
- His imposing, mysterious demeanor and the villagers' unease suggest a dramatic, secretive past, which fits the life of a feared pirate.
Thus, the text suggests that Mr. Graeme, the blacksmith, is actually the infamous pirate captain Oro in hiding."
gpt-4.1,impact,8,high,"Based on the clues embedded in the text, the true identity of the village blacksmith, Mr. Graeme, is implied to be that of ""the tattooed blacksmith, a man who calls himself Mr. Graeme,"" and who possesses ""a peculiar tattoo on his right forearm, one he has made a habit of rolling to a perfect circle, devouring its own tail."" This tattoo is described as an ouroboros, ""an ancient symbol and cyclical. A curious emblem for a simple village blacksmith."" The text connects this symbol with a lost pirate called Calico Jack, hinting that Mr. Graeme is possibly the legendary pirate hiding under a new identity as a blacksmith in the village.",0.00677,0.006738,"Based on the clues embedded in the text, the true identity of the village blacksmith, Mr. Graeme, is strongly implied to be the pirate captain known only as 'Oro,' commander of the ship ""The Sea Serpent."" The supporting evidence is as follows:
- Mr. Graeme is described as a castaway who appeared in Port Sgail after being washed ashore from a storm, matching the fate of 'Oro,' whose ship vanished in a storm and whose body was never found.
- Mr. Graeme has a serpent tattoo in the shape of an Ouroboros on his forearm, paralleling the name of the pirate captain ('Oro') and the flag of the ""Sea Serpent,"" which bore a white serpent.
- His imposing, mysterious demeanor and the villagers' unease suggest a dramatic, secretive past, which fits the life of a feared pirate.
Thus, the text suggests that Mr. Graeme, the blacksmith, is actually the infamous pirate captain Oro in hiding."
gpt-4.1,impact,12,low,"Based on the text, the true identity of the village blacksmith, Mr. Graeme, was a man who had once been the notorious highwayman known as ""Black Bart."" This is revealed by the clues about his mysterious past, his knowledge of horses and weaponry, and the final confession he makes to the vicar, explaining his previous life of crime and how he sought a quiet redemption in the village.",0.000826,0.006738,"Based on the clues embedded in the text, the true identity of the village blacksmith, Mr. Graeme, is strongly implied to be the pirate captain known only as 'Oro,' commander of the ship ""The Sea Serpent."" The supporting evidence is as follows:
- Mr. Graeme is described as a castaway who appeared in Port Sgail after being washed ashore from a storm, matching the fate of 'Oro,' whose ship vanished in a storm and whose body was never found.
- Mr. Graeme has a serpent tattoo in the shape of an Ouroboros on his forearm, paralleling the name of the pirate captain ('Oro') and the flag of the ""Sea Serpent,"" which bore a white serpent.
- His imposing, mysterious demeanor and the villagers' unease suggest a dramatic, secretive past, which fits the life of a feared pirate.
Thus, the text suggests that Mr. Graeme, the blacksmith, is actually the infamous pirate captain Oro in hiding."
gpt-4.1,impact,12,high,"The true identity of the village blacksmith, Mr. Graeme, is subtly revealed in the text. He is not merely a blacksmith, but actually the infamous pirate captain known only as 'Oro.' The clues embedded include the distinctive tattoo of an ouroboros (a serpent eating its own tail) on his right forearm—a symbol connected to Captain Oro. The text states that Oro was said to have vanished in a storm, and that the only thing found was his diving bell. The narrative connects Mr. Graeme's mysterious arrival years ago, his solitary, watchful demeanor, his physical presence, and most importantly, his conspicuous ouroboros tattoo to the legend of Oro. Thus, Mr. Graeme, the blacksmith, is actually the legendary pirate captain Oro, living incognito in Port Sgail.",0.004234,0.006738,"Based on the clues embedded in the text, the true identity of the village blacksmith, Mr. Graeme, is strongly implied to be the pirate captain known only as 'Oro,' commander of the ship ""The Sea Serpent."" The supporting evidence is as follows:
- Mr. Graeme is described as a castaway who appeared in Port Sgail after being washed ashore from a storm, matching the fate of 'Oro,' whose ship vanished in a storm and whose body was never found.
- Mr. Graeme has a serpent tattoo in the shape of an Ouroboros on his forearm, paralleling the name of the pirate captain ('Oro') and the flag of the ""Sea Serpent,"" which bore a white serpent.
- His imposing, mysterious demeanor and the villagers' unease suggest a dramatic, secretive past, which fits the life of a feared pirate.
Thus, the text suggests that Mr. Graeme, the blacksmith, is actually the infamous pirate captain Oro in hiding."
gpt-4o,arial,6,low,The text identifies Mr. Graeme as an undercover detective investigating a series of thefts in the village. He used the blacksmith role as a cover to gather information without raising suspicion.,0.0005825,0.0074025,"The true identity of the village blacksmith, Mr. Graeme, is implied to be that of the infamous pirate captain Oro. The clues embedded in the text include the description of Mr. Graeme's peculiar tattoo, an Ouroboros, which aligns with the serpent imagery used on the flag of the pirate ship ""The Sea Serpent,"" commanded by the notorious captain Oro. Additionally, the mysterious arrival of Mr. Graeme, who washed ashore and the reserved nature of his past further suggest his concealed identity as the pirate captain."
gpt-4o,arial,6,high,"Based on the clues in the text, the true identity of the village blacksmith, Mr. Graeme, is revealed to be Alistair MacLeod himself. Alistair is described as a man of immense physical presence and detachment from those around him, who works at the forge and is known in the village as Mr. Graeme. He is noted for a peculiar tattoo on his right forearm and mistaken for both the blacksmith and a scientist, which suggests he leads a double life.",0.0105825,0.0074025,"The true identity of the village blacksmith, Mr. Graeme, is implied to be that of the infamous pirate captain Oro. The clues embedded in the text include the description of Mr. Graeme's peculiar tattoo, an Ouroboros, which aligns with the serpent imagery used on the flag of the pirate ship ""The Sea Serpent,"" commanded by the notorious captain Oro. Additionally, the mysterious arrival of Mr. Graeme, who washed ashore and the reserved nature of his past further suggest his concealed identity as the pirate captain."
gpt-4o,arial,8,low,"The true identity of the village blacksmith, Mr. Graeme, was Armand du Vallon. In the text, it's revealed that he was in disguise and had a past filled with intrigue, which was uncovered through various clues and his eventual confession.",0.0007225,0.0074025,"The true identity of the village blacksmith, Mr. Graeme, is implied to be that of the infamous pirate captain Oro. The clues embedded in the text include the description of Mr. Graeme's peculiar tattoo, an Ouroboros, which aligns with the serpent imagery used on the flag of the pirate ship ""The Sea Serpent,"" commanded by the notorious captain Oro. Additionally, the mysterious arrival of Mr. Graeme, who washed ashore and the reserved nature of his past further suggest his concealed identity as the pirate captain."
gpt-4o,arial,8,high,"The true identity of Mr. Graeme, the village blacksmith, was a pirate—specifically, he was linked to the notorious pirate known as 'Oro,' a captain feared throughout the North Minch. In the journals, there is mention of an image of a tattooed blacksmith soon faded, connected with a pirate story, suggesting the blacksmith's history was fabricated to hide his true past as a pirate.",0.0070125000000000005,0.0074025,"The true identity of the village blacksmith, Mr. Graeme, is implied to be that of the infamous pirate captain Oro. The clues embedded in the text include the description of Mr. Graeme's peculiar tattoo, an Ouroboros, which aligns with the serpent imagery used on the flag of the pirate ship ""The Sea Serpent,"" commanded by the notorious captain Oro. Additionally, the mysterious arrival of Mr. Graeme, who washed ashore and the reserved nature of his past further suggest his concealed identity as the pirate captain."
gpt-4o,arial,12,low,"Mr. Graeme, the village blacksmith, is revealed to be a layer from the paper and letters that Alistair Uluru discovers inside the anvil. The letters indicate that Mr. Graeme was actually Rowan Rath, who was a Knight of the Order of the Lost. The Order apparently tasked him with hiding a significant artifact within the anvil that would ensure its safety.",0.0009825,0.0074025,"The true identity of the village blacksmith, Mr. Graeme, is implied to be that of the infamous pirate captain Oro. The clues embedded in the text include the description of Mr. Graeme's peculiar tattoo, an Ouroboros, which aligns with the serpent imagery used on the flag of the pirate ship ""The Sea Serpent,"" commanded by the notorious captain Oro. Additionally, the mysterious arrival of Mr. Graeme, who washed ashore and the reserved nature of his past further suggest his concealed identity as the pirate captain."
gpt-4o,arial,12,high,"The text reveals that the blacksmith, Mr. Graeme, who had a significant presence and was considered a mysterious figure in Port Sgail, was likely the pirate known as 'Oro.' The villagers were wary of him and referred to his tattoo as a ""devil’s coil"" or a ""bad omen."" The entry mentioning the pirate ""Oro"" links him to the blacksmith Mr. Graeme, suggesting he was the pirate with a notorious reputation.",0.004562500000000001,0.0074025,"The true identity of the village blacksmith, Mr. Graeme, is implied to be that of the infamous pirate captain Oro. The clues embedded in the text include the description of Mr. Graeme's peculiar tattoo, an Ouroboros, which aligns with the serpent imagery used on the flag of the pirate ship ""The Sea Serpent,"" commanded by the notorious captain Oro. Additionally, the mysterious arrival of Mr. Graeme, who washed ashore and the reserved nature of his past further suggest his concealed identity as the pirate captain."
gpt-4o,comic sans ms,6,low,"The true identity of Mr. Graeme, the village blacksmith, was revealed to be an old pirate known to history as the notorious Redbeard. His real name was Ravage McKenzie, a swashbuckler who had once sailed the high seas, known for his ruthless and daring exploits. This revelation came about through a series of events that included misidentifications, misplaced loot, and a final confrontation with his old crew, who had always wondered what had happened to their charismatic leader.",0.0012125,0.0074025,"The true identity of the village blacksmith, Mr. Graeme, is implied to be that of the infamous pirate captain Oro. The clues embedded in the text include the description of Mr. Graeme's peculiar tattoo, an Ouroboros, which aligns with the serpent imagery used on the flag of the pirate ship ""The Sea Serpent,"" commanded by the notorious captain Oro. Additionally, the mysterious arrival of Mr. Graeme, who washed ashore and the reserved nature of his past further suggest his concealed identity as the pirate captain."
gpt-4o,comic sans ms,6,high,"The true identity of the village blacksmith, Mr. Graeme, was Alistair, a former ship captain known for his legendary maritime tales and possibly connected to the ship's manifest and a sailor story. The description matches a captain from a journal entry written by Elara, who read about Captain Alistair in an entry from late 1891 detailing North Sea expeditions.",0.0086325,0.0074025,"The true identity of the village blacksmith, Mr. Graeme, is implied to be that of the infamous pirate captain Oro. The clues embedded in the text include the description of Mr. Graeme's peculiar tattoo, an Ouroboros, which aligns with the serpent imagery used on the flag of the pirate ship ""The Sea Serpent,"" commanded by the notorious captain Oro. Additionally, the mysterious arrival of Mr. Graeme, who washed ashore and the reserved nature of his past further suggest his concealed identity as the pirate captain."
gpt-4o,comic sans ms,8,low,"Mr. Graeme, the village blacksmith, was secretly the notorious outlaw Todd Silvers. He managed to evade capture and live undercover for almost a decade before his true identity was discovered due to a wound that matched one inflicted during a famous chase by Marshall Pearce.""",0.0007525,0.0074025,"The true identity of the village blacksmith, Mr. Graeme, is implied to be that of the infamous pirate captain Oro. The clues embedded in the text include the description of Mr. Graeme's peculiar tattoo, an Ouroboros, which aligns with the serpent imagery used on the flag of the pirate ship ""The Sea Serpent,"" commanded by the notorious captain Oro. Additionally, the mysterious arrival of Mr. Graeme, who washed ashore and the reserved nature of his past further suggest his concealed identity as the pirate captain."
gpt-4o,comic sans ms,8,high,"The true identity of the village blacksmith, Mr. Graeme, was hinted to be a pirate, specifically ""Captain Ewan 'The Red' MacPhee,"" who was rumored to have been ""hung in Inverness for piracy in 1821."" The clue was further supported by the mark of an Ouroboros, a symbol of eternity, linked to tales of piracy and maritime lore.",0.006112500000000001,0.0074025,"The true identity of the village blacksmith, Mr. Graeme, is implied to be that of the infamous pirate captain Oro. The clues embedded in the text include the description of Mr. Graeme's peculiar tattoo, an Ouroboros, which aligns with the serpent imagery used on the flag of the pirate ship ""The Sea Serpent,"" commanded by the notorious captain Oro. Additionally, the mysterious arrival of Mr. Graeme, who washed ashore and the reserved nature of his past further suggest his concealed identity as the pirate captain."
gpt-4o,comic sans ms,12,low,"The true identity of Mr. Graeme, the village blacksmith, was Charles Edward Stuart or Bonnie Prince Charlie. He was hiding his true identity while living in the village of Last Tide.",0.0005925,0.0074025,"The true identity of the village blacksmith, Mr. Graeme, is implied to be that of the infamous pirate captain Oro. The clues embedded in the text include the description of Mr. Graeme's peculiar tattoo, an Ouroboros, which aligns with the serpent imagery used on the flag of the pirate ship ""The Sea Serpent,"" commanded by the notorious captain Oro. Additionally, the mysterious arrival of Mr. Graeme, who washed ashore and the reserved nature of his past further suggest his concealed identity as the pirate captain."
gpt-4o,comic sans ms,12,high,"Mr. Graeme, the village blacksmith, was likely a man with a hidden past. The text describes him as having a rare tattoo on his right forearm, described as a serpent, or an Ouroboros, which is a symbol of eternity and cycles. This is considered unusual for a blacksmith and aligns with the story of Captain Calico Jack, a pirate whose ship was known as 'Oro,' which also means ‘Oroborous’ or Ouroboros. Additionally, the story mentions that Captain Ewan ‘The Red’ MacPhee, the pirate, is assumed to have carried on another identity since no remains or wreckage were ever found when he went down with his ship. These clues suggest that Mr. Graeme may actually be Captain Ewan ‘The Red’ MacPhee, living under a new identity.",0.005322500000000001,0.0074025,"The true identity of the village blacksmith, Mr. Graeme, is implied to be that of the infamous pirate captain Oro. The clues embedded in the text include the description of Mr. Graeme's peculiar tattoo, an Ouroboros, which aligns with the serpent imagery used on the flag of the pirate ship ""The Sea Serpent,"" commanded by the notorious captain Oro. Additionally, the mysterious arrival of Mr. Graeme, who washed ashore and the reserved nature of his past further suggest his concealed identity as the pirate captain."
gpt-4o,impact,6,low,"The text reveals that Mr. Graeme, the village blacksmith, was actually a former pirate known by his feared name, Captain Scourge. The villagers were unaware of his past identity until subtle hints in his behavior and past caught the attention of a curious historian who pieced together his true identity. This discovery later became a local legend, adding a mysterious allure to Mr. Graeme's persona in the village.",0.0010525,0.0074025,"The true identity of the village blacksmith, Mr. Graeme, is implied to be that of the infamous pirate captain Oro. The clues embedded in the text include the description of Mr. Graeme's peculiar tattoo, an Ouroboros, which aligns with the serpent imagery used on the flag of the pirate ship ""The Sea Serpent,"" commanded by the notorious captain Oro. Additionally, the mysterious arrival of Mr. Graeme, who washed ashore and the reserved nature of his past further suggest his concealed identity as the pirate captain."
gpt-4o,impact,6,high,"The village blacksmith, Mr. Graeme, was actually Alistair MacLeod himself, who is Alara's great-great-uncle. This is revealed through Alara's findings in the journals where it mentions ""Mr. Graeme is a man of immense physical presence, with arms as thick as tree trunks, undoubtedly the blacksmith, a man who calls himself Mr. Graeme. He is a man of immense physical presence, with arms as thick as tree trunks, undoubtedly the blacksmith, a man who calls himself Mr. Graeme."" These clues align with Alara's research connection and the historical intrigue surrounding Alistair's alias.",0.011752500000000003,0.0074025,"The true identity of the village blacksmith, Mr. Graeme, is implied to be that of the infamous pirate captain Oro. The clues embedded in the text include the description of Mr. Graeme's peculiar tattoo, an Ouroboros, which aligns with the serpent imagery used on the flag of the pirate ship ""The Sea Serpent,"" commanded by the notorious captain Oro. Additionally, the mysterious arrival of Mr. Graeme, who washed ashore and the reserved nature of his past further suggest his concealed identity as the pirate captain."
gpt-4o,impact,8,low,"Mr. Graeme, the village blacksmith, is revealed to be Percival Blande, the younger brother of Lady Maud Danvers. This information is hidden beneath his disguise, as he had a different upbringing and appearance based on the details in the text. The clues suggest that he disguised himself due to family disgrace linked to misappropriation of family funds and changed his identity to start anew. However, he returned to the village under a false identity due to a deep connection and unresolved issues within the family.",0.0012425,0.0074025,"The true identity of the village blacksmith, Mr. Graeme, is implied to be that of the infamous pirate captain Oro. The clues embedded in the text include the description of Mr. Graeme's peculiar tattoo, an Ouroboros, which aligns with the serpent imagery used on the flag of the pirate ship ""The Sea Serpent,"" commanded by the notorious captain Oro. Additionally, the mysterious arrival of Mr. Graeme, who washed ashore and the reserved nature of his past further suggest his concealed identity as the pirate captain."
gpt-4o,impact,8,high,"The true identity of the village blacksmith, Mr. Graeme, was Alistair, the owner of the journals and former scientific observer. Clues include his intricate knowledge of the sea, shipwrecks, and tides, as well as a tattoo of an ouroboros on his forearm, linking him to Alistair's journey and transformation over time.",0.007752500000000001,0.0074025,"The true identity of the village blacksmith, Mr. Graeme, is implied to be that of the infamous pirate captain Oro. The clues embedded in the text include the description of Mr. Graeme's peculiar tattoo, an Ouroboros, which aligns with the serpent imagery used on the flag of the pirate ship ""The Sea Serpent,"" commanded by the notorious captain Oro. Additionally, the mysterious arrival of Mr. Graeme, who washed ashore and the reserved nature of his past further suggest his concealed identity as the pirate captain."
gpt-4o,impact,12,low,"The true identity of the village blacksmith, Mr. Graeme, was a knight, Sir William Hastings. He was believed to have died 150 years earlier, but secretly lived among the villagers under the guise of a blacksmith, watching over the shield that was originally his and safeguarding the village.",0.0008125000000000001,0.0074025,"The true identity of the village blacksmith, Mr. Graeme, is implied to be that of the infamous pirate captain Oro. The clues embedded in the text include the description of Mr. Graeme's peculiar tattoo, an Ouroboros, which aligns with the serpent imagery used on the flag of the pirate ship ""The Sea Serpent,"" commanded by the notorious captain Oro. Additionally, the mysterious arrival of Mr. Graeme, who washed ashore and the reserved nature of his past further suggest his concealed identity as the pirate captain."
gpt-4o,impact,12,high,"Based on the text, the true identity of the village blacksmith, Mr. Graeme, was likely to be a man with a mysterious past and a notable tattoo on his right forearm — an Ouroboros, an ancient symbol of eternity and cycles. He was described as a castaway from a storm, arriving with nothing but the clothes on his back. His background suggests he may have had a significant past, possibly connected to piracy or a maritime history, although explicit details are not revealed in Elara's findings. His presence and demeanor set him apart from the local community, making him a figure of intrigue.",0.0048525,0.0074025,"The true identity of the village blacksmith, Mr. Graeme, is implied to be that of the infamous pirate captain Oro. The clues embedded in the text include the description of Mr. Graeme's peculiar tattoo, an Ouroboros, which aligns with the serpent imagery used on the flag of the pirate ship ""The Sea Serpent,"" commanded by the notorious captain Oro. Additionally, the mysterious arrival of Mr. Graeme, who washed ashore and the reserved nature of his past further suggest his concealed identity as the pirate captain."
gpt-4o-mini,arial,6,low,I don't know.,0.00042735,0.00045735,"The true identity of the village blacksmith, Mr. Graeme, is suggested to be a man with a mysterious past, possibly connected to the sea and piracy. He is described as a castaway who arrived in Port Sgail after surviving a storm, which implies he may have been involved in seafaring activities that were tumultuous, perhaps even illegal. The peculiar tattoo of an Ouroboros on his arm hints at a deeper significance and possibly an eternal connection with cycles of life or death, further embedding him in the lore of the coastal community. However, the text does not provide a definitive prior identity for him outside of these implications."
gpt-4o-mini,arial,6,high,"The true identity of Mr. Graeme, the village blacksmith, is suggested to be Alistair MacLeod.",0.019141050000000003,0.00045735,"The true identity of the village blacksmith, Mr. Graeme, is suggested to be a man with a mysterious past, possibly connected to the sea and piracy. He is described as a castaway who arrived in Port Sgail after surviving a storm, which implies he may have been involved in seafaring activities that were tumultuous, perhaps even illegal. The peculiar tattoo of an Ouroboros on his arm hints at a deeper significance and possibly an eternal connection with cycles of life or death, further embedding him in the lore of the coastal community. However, the text does not provide a definitive prior identity for him outside of these implications."
gpt-4o-mini,arial,8,low,I don't know.,0.00042735,0.00045735,"The true identity of the village blacksmith, Mr. Graeme, is suggested to be a man with a mysterious past, possibly connected to the sea and piracy. He is described as a castaway who arrived in Port Sgail after surviving a storm, which implies he may have been involved in seafaring activities that were tumultuous, perhaps even illegal. The peculiar tattoo of an Ouroboros on his arm hints at a deeper significance and possibly an eternal connection with cycles of life or death, further embedding him in the lore of the coastal community. However, the text does not provide a definitive prior identity for him outside of these implications."
gpt-4o-mini,arial,8,high,"The true identity of the village blacksmith, Mr. Graeme, is suggested to be a figure connected to the legendary pirate captain Calico Jack. He is described as a man with a unique past, embodying the ancient symbolism of the Ouroboros and linked to the mysterious and often tumultuous histories of the sea. His possible piratical connections and the notion that he might be more than just a blacksmith hint at a deeper identity tied to stories of adventure, exploration, and an enigmatic past.",0.01238685,0.00045735,"The true identity of the village blacksmith, Mr. Graeme, is suggested to be a man with a mysterious past, possibly connected to the sea and piracy. He is described as a castaway who arrived in Port Sgail after surviving a storm, which implies he may have been involved in seafaring activities that were tumultuous, perhaps even illegal. The peculiar tattoo of an Ouroboros on his arm hints at a deeper significance and possibly an eternal connection with cycles of life or death, further embedding him in the lore of the coastal community. However, the text does not provide a definitive prior identity for him outside of these implications."
gpt-4o-mini,arial,12,low,I don't know.,0.00042735,0.00045735,"The true identity of the village blacksmith, Mr. Graeme, is suggested to be a man with a mysterious past, possibly connected to the sea and piracy. He is described as a castaway who arrived in Port Sgail after surviving a storm, which implies he may have been involved in seafaring activities that were tumultuous, perhaps even illegal. The peculiar tattoo of an Ouroboros on his arm hints at a deeper significance and possibly an eternal connection with cycles of life or death, further embedding him in the lore of the coastal community. However, the text does not provide a definitive prior identity for him outside of these implications."
gpt-4o-mini,arial,12,high,"The true identity of the village blacksmith, Mr. Graeme, is described as a master blacksmith with a unique presence, characterized by his exceptional skill and mysterious demeanor. He is depicted as an individual who keeps to himself, noted for his glowing forge and rhythmic sound of his hammer, which is a familiar but unintrusive background noise for the villagers. Additionally, there is an intriguing reference to the myth surrounding him, mentioning that some locals consider him to have a 'devil’s coil' or 'bad omen' tattooed on his back. This adds an element of mystique to his character, setting him apart as a significant figure in the village of Port Sqail.",0.0073075499999999995,0.00045735,"The true identity of the village blacksmith, Mr. Graeme, is suggested to be a man with a mysterious past, possibly connected to the sea and piracy. He is described as a castaway who arrived in Port Sgail after surviving a storm, which implies he may have been involved in seafaring activities that were tumultuous, perhaps even illegal. The peculiar tattoo of an Ouroboros on his arm hints at a deeper significance and possibly an eternal connection with cycles of life or death, further embedding him in the lore of the coastal community. However, the text does not provide a definitive prior identity for him outside of these implications."
gpt-4o-mini,comic sans ms,6,low,I don't know.,0.00042735,0.00045735,"The true identity of the village blacksmith, Mr. Graeme, is suggested to be a man with a mysterious past, possibly connected to the sea and piracy. He is described as a castaway who arrived in Port Sgail after surviving a storm, which implies he may have been involved in seafaring activities that were tumultuous, perhaps even illegal. The peculiar tattoo of an Ouroboros on his arm hints at a deeper significance and possibly an eternal connection with cycles of life or death, further embedding him in the lore of the coastal community. However, the text does not provide a definitive prior identity for him outside of these implications."
gpt-4o-mini,comic sans ms,6,high,"The true identity of the village blacksmith, Mr. Graeme, is Alistair. He is characterized as a man of immense physical presence, known for his quiet demeanor and remarkable skills as a blacksmith. Alistair is suggested to have a significant backstory related to a storm and has a tattoo on his forehead resembling a serpent, indicating a deeper, possibly darker, history.",0.01577265,0.00045735,"The true identity of the village blacksmith, Mr. Graeme, is suggested to be a man with a mysterious past, possibly connected to the sea and piracy. He is described as a castaway who arrived in Port Sgail after surviving a storm, which implies he may have been involved in seafaring activities that were tumultuous, perhaps even illegal. The peculiar tattoo of an Ouroboros on his arm hints at a deeper significance and possibly an eternal connection with cycles of life or death, further embedding him in the lore of the coastal community. However, the text does not provide a definitive prior identity for him outside of these implications."
gpt-4o-mini,comic sans ms,8,low,"Based on the clues provided in the text, Mr. Graeme, the village blacksmith, can be inferred to be a character with multifaceted skills and influences, potentially serving as a metaphor for strength, community ties, and craftsmanship. However, without specific textual clues about a deeper identity or role beyond his profession, we cannot discern any further identities beyond being the skilled blacksmith. Therefore, his true identity remains rooted in his occupation and the values he represents in the community.",0.00048195,0.00045735,"The true identity of the village blacksmith, Mr. Graeme, is suggested to be a man with a mysterious past, possibly connected to the sea and piracy. He is described as a castaway who arrived in Port Sgail after surviving a storm, which implies he may have been involved in seafaring activities that were tumultuous, perhaps even illegal. The peculiar tattoo of an Ouroboros on his arm hints at a deeper significance and possibly an eternal connection with cycles of life or death, further embedding him in the lore of the coastal community. However, the text does not provide a definitive prior identity for him outside of these implications."
gpt-4o-mini,comic sans ms,8,high,"The true identity of the village blacksmith, Mr. Graeme, appears to be tied to the mythological symbol of Ouroboros, which represents eternity and cycles. Additionally, he is described as a man of immense physical presence, suggesting he possesses notable strength and skill, akin to that of a master craftsman. Furthermore, the narrative hints at a deeper connection to the sea and its mysteries, which could imply that Mr. Graeme may have a personal history intertwined with maritime lore, perhaps as someone who has weathered storms or experienced significant events in a coastal community.",0.010694549999999999,0.00045735,"The true identity of the village blacksmith, Mr. Graeme, is suggested to be a man with a mysterious past, possibly connected to the sea and piracy. He is described as a castaway who arrived in Port Sgail after surviving a storm, which implies he may have been involved in seafaring activities that were tumultuous, perhaps even illegal. The peculiar tattoo of an Ouroboros on his arm hints at a deeper significance and possibly an eternal connection with cycles of life or death, further embedding him in the lore of the coastal community. However, the text does not provide a definitive prior identity for him outside of these implications."
gpt-4o-mini,comic sans ms,12,low,"The true identity of the village blacksmith, Mr. Graeme, is implied to be a character of greater significance, potentially referencing a historical or literary figure known for craftsmanship or forging. However, without direct mention of a specific name or further details, it is difficult to pinpoint the exact identity. The clues suggest a deeper connection to themes of creation, identity, and legacy, possibly linking him to a notable blacksmith or artisan archetype.",0.00047775,0.00045735,"The true identity of the village blacksmith, Mr. Graeme, is suggested to be a man with a mysterious past, possibly connected to the sea and piracy. He is described as a castaway who arrived in Port Sgail after surviving a storm, which implies he may have been involved in seafaring activities that were tumultuous, perhaps even illegal. The peculiar tattoo of an Ouroboros on his arm hints at a deeper significance and possibly an eternal connection with cycles of life or death, further embedding him in the lore of the coastal community. However, the text does not provide a definitive prior identity for him outside of these implications."
gpt-4o-mini,comic sans ms,12,high,"The true identity of Mr. Graeme, the village blacksmith, is revealed through various clues in the text, particularly his connection to the local fishing community in Port Sgail and his characteristic demeanor as someone who keeps to himself while embodying a storied past. He is described as having a rhythmically consistent work ethic, symbolized by the constant clanging of his hammer, and his reputation among the villagers is notable due to suspicions regarding his character, as he's referred to with a mysterious aura linked to local legends. Mr. Graeme is suggested to be a figure of both practical craft and myth, perhaps a repository of esoteric knowledge, stirring curiosity among those in the village.",0.007308749999999999,0.00045735,"The true identity of the village blacksmith, Mr. Graeme, is suggested to be a man with a mysterious past, possibly connected to the sea and piracy. He is described as a castaway who arrived in Port Sgail after surviving a storm, which implies he may have been involved in seafaring activities that were tumultuous, perhaps even illegal. The peculiar tattoo of an Ouroboros on his arm hints at a deeper significance and possibly an eternal connection with cycles of life or death, further embedding him in the lore of the coastal community. However, the text does not provide a definitive prior identity for him outside of these implications."
gpt-4o-mini,impact,6,low,I don't know.,0.00042735,0.00045735,"The true identity of the village blacksmith, Mr. Graeme, is suggested to be a man with a mysterious past, possibly connected to the sea and piracy. He is described as a castaway who arrived in Port Sgail after surviving a storm, which implies he may have been involved in seafaring activities that were tumultuous, perhaps even illegal. The peculiar tattoo of an Ouroboros on his arm hints at a deeper significance and possibly an eternal connection with cycles of life or death, further embedding him in the lore of the coastal community. However, the text does not provide a definitive prior identity for him outside of these implications."
gpt-4o-mini,impact,6,high,"The true identity of the village blacksmith, Mr. Graeme, is suggested to be a character connected to the broader narrative surrounding exploration, secrecy, and possibly even the sea. The clues embedded in the text may imply that Mr. Graeme possesses a history that intertwines with the tumultuous events and characters mentioned, including references to hidden secrets and explorations tied to the sea. However, without more specific textual evidence or context within the passage, his precise identity remains elusive and cannot be definitively determined.",0.02088735,0.00045735,"The true identity of the village blacksmith, Mr. Graeme, is suggested to be a man with a mysterious past, possibly connected to the sea and piracy. He is described as a castaway who arrived in Port Sgail after surviving a storm, which implies he may have been involved in seafaring activities that were tumultuous, perhaps even illegal. The peculiar tattoo of an Ouroboros on his arm hints at a deeper significance and possibly an eternal connection with cycles of life or death, further embedding him in the lore of the coastal community. However, the text does not provide a definitive prior identity for him outside of these implications."
gpt-4o-mini,impact,8,low,I don't know.,0.00042735,0.00045735,"The true identity of the village blacksmith, Mr. Graeme, is suggested to be a man with a mysterious past, possibly connected to the sea and piracy. He is described as a castaway who arrived in Port Sgail after surviving a storm, which implies he may have been involved in seafaring activities that were tumultuous, perhaps even illegal. The peculiar tattoo of an Ouroboros on his arm hints at a deeper significance and possibly an eternal connection with cycles of life or death, further embedding him in the lore of the coastal community. However, the text does not provide a definitive prior identity for him outside of these implications."
gpt-4o-mini,impact,8,high,"The true identity of the village blacksmith, Mr. Graeme, is that of a man with significant physical presence and a mysterious past. He is described as a figure who embraces his craft deeply, characterized by a peculiar tattoo on his right forearm that adds to his enigmatic nature. Mr. Graeme seems to have a connection to the village and its stories, reflecting a blend of artistry and ruggedness typical of his profession. He embodies the spirit of the village, suggesting that he is not just a blacksmith but a custodian of the local history and its narratives.",0.01409475,0.00045735,"The true identity of the village blacksmith, Mr. Graeme, is suggested to be a man with a mysterious past, possibly connected to the sea and piracy. He is described as a castaway who arrived in Port Sgail after surviving a storm, which implies he may have been involved in seafaring activities that were tumultuous, perhaps even illegal. The peculiar tattoo of an Ouroboros on his arm hints at a deeper significance and possibly an eternal connection with cycles of life or death, further embedding him in the lore of the coastal community. However, the text does not provide a definitive prior identity for him outside of these implications."
gpt-4o-mini,impact,12,low,I don't know.,0.00042735,0.00045735,"The true identity of the village blacksmith, Mr. Graeme, is suggested to be a man with a mysterious past, possibly connected to the sea and piracy. He is described as a castaway who arrived in Port Sgail after surviving a storm, which implies he may have been involved in seafaring activities that were tumultuous, perhaps even illegal. The peculiar tattoo of an Ouroboros on his arm hints at a deeper significance and possibly an eternal connection with cycles of life or death, further embedding him in the lore of the coastal community. However, the text does not provide a definitive prior identity for him outside of these implications."
gpt-4o-mini,impact,12,high,"Mr. Graeme, the village blacksmith, is revealed to be a figure of intrigue. He is described as a man with immense physical presence and an artistic background, having been washed ashore from a storm years ago. The villagers regard him with a mix of wariness and respect, attributing a mysterious aura to him due to a peculiar tattoo on his forearm, which symbolizes the Ouroboros, signifying eternity and cyclical nature. His character hints at a deeper connection to local legends, particularly the lore surrounding the lost treasure of pirate Captain Calico Jack. This makes Mr. Graeme more than just a common blacksmith, positioning him as a significant figure within the local history and folklore.",0.007310549999999999,0.00045735,"The true identity of the village blacksmith, Mr. Graeme, is suggested to be a man with a mysterious past, possibly connected to the sea and piracy. He is described as a castaway who arrived in Port Sgail after surviving a storm, which implies he may have been involved in seafaring activities that were tumultuous, perhaps even illegal. The peculiar tattoo of an Ouroboros on his arm hints at a deeper significance and possibly an eternal connection with cycles of life or death, further embedding him in the lore of the coastal community. However, the text does not provide a definitive prior identity for him outside of these implications."
o1,arial,6,low,I don't know.,0.001365,0.041354999999999996,"The references to his serpent tattoo and how he washed ashore in a storm point to Mr. Graeme actually being the feared pirate captain known as “Oro” from the Sea Serpent, who survived the ship’s wreck and quietly remade his life as the village blacksmith."
o1,arial,6,high,"From all the hints in Alistair’s notes—the telling Ouroboros tattoo, the eerie local legends, and the unexplained longevity—Mr. Graeme was in fact the timeless “sea serpent” captain come ashore in human form, an immortal mariner masquerading as the village blacksmith.",0.054285,0.041354999999999996,"The references to his serpent tattoo and how he washed ashore in a storm point to Mr. Graeme actually being the feared pirate captain known as “Oro” from the Sea Serpent, who survived the ship’s wreck and quietly remade his life as the village blacksmith."
o1,arial,8,low,From the details in the text it emerges that Mr. Graeme was in fact a former knight—he had once served in the royal court but was living incognito as the village blacksmith.,0.003465,0.041354999999999996,"The references to his serpent tattoo and how he washed ashore in a storm point to Mr. Graeme actually being the feared pirate captain known as “Oro” from the Sea Serpent, who survived the ship’s wreck and quietly remade his life as the village blacksmith."
o1,arial,8,high,"From Alistair’s notes and the tattoo he bore, the clues show that “Mr. Graeme” was not simply a quiet village blacksmith but in fact a pirate—a survivor (or possibly the very captain) of the notorious Sea Serpent, living under an assumed name after being shipwrecked on those shores.",0.036525,0.041354999999999996,"The references to his serpent tattoo and how he washed ashore in a storm point to Mr. Graeme actually being the feared pirate captain known as “Oro” from the Sea Serpent, who survived the ship’s wreck and quietly remade his life as the village blacksmith."
o1,arial,12,low,"From the hidden hints in the story, it emerges that the seemingly unassuming smith “Mr. Graeme” was actually Kelban Kideon—the long‑lost guardian of the old tales, living in disguise to protect the realm’s secret lore.",0.004125,0.041354999999999996,"The references to his serpent tattoo and how he washed ashore in a storm point to Mr. Graeme actually being the feared pirate captain known as “Oro” from the Sea Serpent, who survived the ship’s wreck and quietly remade his life as the village blacksmith."
o1,arial,12,high,"From Alistair’s notes about the serpent‐coiled flag and the feared privateer “Oro” lost at sea, it becomes clear that the quiet blacksmith with the Ouroboros tattoo was actually the notorious pirate captain known only as “Oro.”",0.022305000000000002,0.041354999999999996,"The references to his serpent tattoo and how he washed ashore in a storm point to Mr. Graeme actually being the feared pirate captain known as “Oro” from the Sea Serpent, who survived the ship’s wreck and quietly remade his life as the village blacksmith."
o1,comic sans ms,6,low,"From the clues in the text, Mr. Graeme was actually a onetime royal officer—Captain Gareth Graeme—who had served (and apparently distinguished himself) in the king’s army before settling down as the village blacksmith.",0.003945,0.041354999999999996,"The references to his serpent tattoo and how he washed ashore in a storm point to Mr. Graeme actually being the feared pirate captain known as “Oro” from the Sea Serpent, who survived the ship’s wreck and quietly remade his life as the village blacksmith."
o1,comic sans ms,6,high,"From the journal’s hints—the serpent‐coil (Ouroboros) tat on his arm, his uncanny strength, his arrival from nowhere by shipwreck—it becomes clear that “Mr. Graeme” was no ordinary smith at all, but in fact an immortal or timeless sea‐being who had simply assumed the role of the village blacksmith.",0.045825000000000005,0.041354999999999996,"The references to his serpent tattoo and how he washed ashore in a storm point to Mr. Graeme actually being the feared pirate captain known as “Oro” from the Sea Serpent, who survived the ship’s wreck and quietly remade his life as the village blacksmith."
o1,comic sans ms,8,low,"Based on the story clues, he was actually the kingdom’s hidden prince—an exiled royal living incognito as the humble village smith.",0.002805,0.041354999999999996,"The references to his serpent tattoo and how he washed ashore in a storm point to Mr. Graeme actually being the feared pirate captain known as “Oro” from the Sea Serpent, who survived the ship’s wreck and quietly remade his life as the village blacksmith."
o1,comic sans ms,8,high,"From the hints in Alistair’s journals and the telltale Ouroboros tattoo, Mr. Graeme is revealed to be the lost pirate—“Oro,” as the notes call him—who washed ashore and quietly made a new life for himself in the village as its blacksmith.",0.031784999999999994,0.041354999999999996,"The references to his serpent tattoo and how he washed ashore in a storm point to Mr. Graeme actually being the feared pirate captain known as “Oro” from the Sea Serpent, who survived the ship’s wreck and quietly remade his life as the village blacksmith."
o1,comic sans ms,12,low,I don’t know.,0.001425,0.041354999999999996,"The references to his serpent tattoo and how he washed ashore in a storm point to Mr. Graeme actually being the feared pirate captain known as “Oro” from the Sea Serpent, who survived the ship’s wreck and quietly remade his life as the village blacksmith."
o1,comic sans ms,12,high,"From the scattered hints about the sea‑serpent “Oro,” the tattoo of the Ouroboros, and the castaway tale, the text strongly suggests that Mr. Graeme was not merely a blacksmith but in fact the legendary pirate captain (called “Oro”) who survived his shipwreck and lived on in secret.",0.023145000000000002,0.041354999999999996,"The references to his serpent tattoo and how he washed ashore in a storm point to Mr. Graeme actually being the feared pirate captain known as “Oro” from the Sea Serpent, who survived the ship’s wreck and quietly remade his life as the village blacksmith."
o1,impact,6,low,I don't know.,0.001365,0.041354999999999996,"The references to his serpent tattoo and how he washed ashore in a storm point to Mr. Graeme actually being the feared pirate captain known as “Oro” from the Sea Serpent, who survived the ship’s wreck and quietly remade his life as the village blacksmith."
o1,impact,6,high,"From the diary hints and his telltale serpent tattoo, it emerges that the taciturn “Mr. Graeme” is really the same Captain Henry Giles—the vanished pirate—living incognito as the village blacksmith.",0.057825,0.041354999999999996,"The references to his serpent tattoo and how he washed ashore in a storm point to Mr. Graeme actually being the feared pirate captain known as “Oro” from the Sea Serpent, who survived the ship’s wreck and quietly remade his life as the village blacksmith."
o1,impact,8,low,I don't know.,0.001365,0.041354999999999996,"The references to his serpent tattoo and how he washed ashore in a storm point to Mr. Graeme actually being the feared pirate captain known as “Oro” from the Sea Serpent, who survived the ship’s wreck and quietly remade his life as the village blacksmith."
o1,impact,8,high,"From Alistair’s notes and Elara’s discovery of the Ouroboros tattoo—the ancient alchemical symbol of endless renewal—it becomes clear that “Mr. Graeme” was no ordinary smith at all but an immortal or ageless figure who had washed ashore under an assumed name. The recurrent serpent emblem on his arm, continually updated over time, identifies him as far more than just a village blacksmith.",0.042105000000000004,0.041354999999999996,"The references to his serpent tattoo and how he washed ashore in a storm point to Mr. Graeme actually being the feared pirate captain known as “Oro” from the Sea Serpent, who survived the ship’s wreck and quietly remade his life as the village blacksmith."
o1,impact,12,low,"The story strongly implies that Mr. Graeme was no mere blacksmith at all. The text suggests he was likely operating as an ex-soldier or a covert spy in service of the Crown, only pretending to be an ordinary smith while secretly investigating the king’s enemies.",0.004425,0.041354999999999996,"The references to his serpent tattoo and how he washed ashore in a storm point to Mr. Graeme actually being the feared pirate captain known as “Oro” from the Sea Serpent, who survived the ship’s wreck and quietly remade his life as the village blacksmith."
o1,impact,12,high,"The text strongly suggests that “Mr. Graeme” the blacksmith was in fact the outlaw pirate captain known as “Oro,” who had washed ashore and quietly taken up a new identity in Port Sgail.",0.021825000000000004,0.041354999999999996,"The references to his serpent tattoo and how he washed ashore in a storm point to Mr. Graeme actually being the feared pirate captain known as “Oro” from the Sea Serpent, who survived the ship’s wreck and quietly remade his life as the village blacksmith."
